{"name":"t:sections.footer.name","type":"footer","sections":{"footer":{"type":"footer","blocks":{"social_mVbfLV":{"type":"social","settings":{"platform":"facebook","url":""}},"link_T4gxex":{"type":"link","settings":{"title_en":"","title_ar":"","url":""}}},"block_order":["social_mVbfLV","link_T4gxex"],"settings":{"logo_text":"Swiss Perfum","who_we_are_en":"Who We Are","who_we_are_ar":"من نحن","description_en":"Discover luxury fragrances and premium body care products crafted with excellence.","description_ar":"اكتشف العطور الفاخرة ومنتجات العناية الممتازة بالجسم المصنوعة بإتقان.","links_title_en":"Important Links","links_title_ar":"روابط مهمة","contact_title_en":"Contact Us","contact_title_ar":"تواصل معنا","email":"info@swissperfum.com","phone":"+1 234 567 8900","address_en":"Switzerland","address_ar":"سويسرا","follow_title_en":"Follow Us","follow_title_ar":"تابعنا","payment_title_en":"We Accept","payment_title_ar":"نقبل","copyright_en":"© 2025 Swiss Perfum. All rights reserved.","copyright_ar":"© 2025 سويس برفيوم. جميع الحقوق محفوظة.","our_story_en":"Our Story","our_story_ar":"قصتنا","careers_en":"Careers","careers_ar":"الوظائف","press_en":"Press","press_ar":"الصحافة","background_color":"#945034","accent_color":"#ffddab","section_padding_y":32,"section_padding_x":16,"grid_gap":24,"grid_margin_bottom":24,"logo_font_size":24,"column_title_font_size":18,"description_font_size":14,"about_font_size":14,"link_font_size":14,"contact_font_size":14,"copyright_font_size":14,"bottom_link_font_size":14,"logo_margin_bottom":16,"description_margin_bottom":24,"column_title_margin_bottom":16,"contact_item_gap":12,"bottom_margin_top":32,"bottom_padding_top":32,"social_icon_size":40}}},"order":["footer"]}