{"sections":{"image_banner":{"type":"image-banner","blocks":{"heading":{"type":"heading","settings":{"heading":"Browse our latest products","heading_size":"h0"}},"button":{"type":"buttons","settings":{"button_label_1":"Shop all","button_link_1":"shopify:\/\/collections\/all","button_style_secondary_1":true,"button_label_2":"","button_link_2":"","button_style_secondary_2":false}}},"block_order":["heading","button"],"disabled":true,"settings":{"image_overlay_opacity":40,"image_height":"large","image_behavior":"none","desktop_content_position":"bottom-center","desktop_content_alignment":"center","show_text_box":false,"color_scheme":"scheme-3","stack_images_on_mobile":false,"mobile_content_alignment":"center","show_text_below":false}},"featured_collection":{"type":"featured-collection","disabled":true,"settings":{"collection":"all","products_to_show":8,"title":"Featured products","heading_size":"h2","description":"","show_description":false,"description_style":"body","columns_desktop":4,"enable_desktop_slider":false,"full_width":false,"show_view_all":true,"view_all_style":"solid","color_scheme":"scheme-1","image_ratio":"adapt","image_shape":"default","show_secondary_image":true,"show_vendor":false,"show_rating":false,"quick_add":"none","columns_mobile":"2","swipe_on_mobile":false,"padding_top":44,"padding_bottom":36}},"trust_features_MTpctg":{"type":"trust-features","blocks":{"card_phFQPb":{"type":"card","settings":{"card_image":"shopify:\/\/shop_images\/Logo.jpg","card_svg":"","card_title":"Try for 14 Days","card_message":"Experience the fragrance in your daily life","card_rotation":-12}},"card_RmHLQ7":{"type":"card","settings":{"card_image":"shopify:\/\/shop_images\/Logo.jpg","card_svg":"","card_title":"Decide","card_message":"Love it or return it - no questions asked","card_rotation":-12}},"card_jxiM7W":{"type":"card","settings":{"card_image":"shopify:\/\/shop_images\/Logo.jpg","card_svg":"","card_title":"Order","card_message":"Choose your perfect scent from our curated collection","card_rotation":-12}}},"block_order":["card_phFQPb","card_RmHLQ7","card_jxiM7W"],"disabled":true,"name":"Glass Cards Preset","settings":{"heading":"Why Choose Swiss Perfumes","subheading":"Quality, ethics, and service you can trust","section_bg":"#d9f8ff","text_color":"#121212","text_size":22,"text_size_mobile":14,"icon_position":"flex-start","icon_position_mobile":"center","border_color":"#b4cc3730","card_background":"#B4CC3730","card_width":240,"card_height":350,"card_width_mobile":100,"card_height_mobile":230,"card_gap":100,"card_gap_mobile":10,"card_image_width":50,"card_image_height":50,"enable_animations":false}},"glassmor_wyA389":{"type":"glassmor","blocks":{"card_JDNpFq":{"type":"card","settings":{"svg_icon":"","icon_image":"shopify:\/\/shop_images\/SP_Gold.jpg","front_title":"Card Title","back_description":"Hello","button_label":"Learn More","button_link":"shopify:\/\/products\/sp-gold"}},"card_eVHAEF":{"type":"card","settings":{"svg_icon":"","icon_image":"shopify:\/\/shop_images\/Logo.jpg","front_title":"Card Title","back_description":"This text appears on the back of the card when flipped.","button_label":"Learn More","button_link":""}},"card_BCdWmY":{"type":"card","settings":{"svg_icon":"","icon_image":"shopify:\/\/shop_images\/Logo.jpg","front_title":"Card Title","back_description":"HEllo","button_label":"Learn More","button_link":""}}},"block_order":["card_JDNpFq","card_eVHAEF","card_BCdWmY"],"disabled":true,"name":"Glassmorphic Flip Cards","settings":{"card_width":260,"card_height":320,"card_radius":20}},"line_footer_section_LM8way":{"type":"line-footer-section","blocks":{"row1_link_twnepT":{"type":"row1_link","settings":{"label":"Link","url":"","open_new_tab":true,"hide_icon":false,"icon_svg":"-","link_image":"shopify:\/\/shop_images\/SP_Gold.jpg"}},"row1_link_7etz4k":{"type":"row1_link","settings":{"label":"Link","url":"","open_new_tab":false,"hide_icon":false,"icon_svg":"-"}},"row1_link_AYmkPh":{"type":"row1_link","settings":{"label":"Link","url":"","open_new_tab":false,"hide_icon":false,"icon_svg":"-"}},"row1_link_mLaQeG":{"type":"row1_link","settings":{"label":"Link","url":"","open_new_tab":false,"hide_icon":false,"icon_svg":"-"}},"row1_link_t6NBJa":{"type":"row1_link","settings":{"label":"Link","url":"","open_new_tab":false,"hide_icon":false,"icon_svg":"-"}},"row1_link_iMm4iB":{"type":"row1_link","settings":{"label":"Link","url":"","open_new_tab":false,"hide_icon":false,"icon_svg":"-"}},"row1_link_ynjzfP":{"type":"row1_link","settings":{"label":"Link","url":"","open_new_tab":false,"hide_icon":false,"icon_svg":"-"}},"row1_link_ELyrDc":{"type":"row1_link","settings":{"label":"Link","url":"","open_new_tab":false,"hide_icon":false,"icon_svg":"-"}},"row1_link_WDYMVQ":{"type":"row1_link","settings":{"label":"Link","url":"","open_new_tab":false,"hide_icon":false,"icon_svg":"-"}},"row1_link_kTMNPi":{"type":"row1_link","settings":{"label":"Link","url":"","open_new_tab":false,"hide_icon":false,"icon_svg":"-"}},"row1_link_QTLGmU":{"type":"row1_link","settings":{"label":"Link","url":"","open_new_tab":false,"hide_icon":false,"icon_svg":"-"}},"row1_link_3EXAkn":{"type":"row1_link","settings":{"label":"Link","url":"","open_new_tab":false,"hide_icon":false,"icon_svg":"-"}},"row1_link_E4P9Dm":{"type":"row1_link","settings":{"label":"Link","url":"","open_new_tab":false,"hide_icon":false,"icon_svg":"-"}},"row1_link_GVXYyJ":{"type":"row1_link","settings":{"label":"Link","url":"","open_new_tab":false,"hide_icon":false,"icon_svg":"-"}},"row2_link_VPLbjn":{"type":"row2_link","settings":{"label":"Link","url":"","open_new_tab":false,"hide_icon":false,"icon_svg":"-"}},"row2_link_Jy7TEi":{"type":"row2_link","settings":{"label":"Link","url":"","open_new_tab":false,"hide_icon":false,"icon_svg":"-"}},"row2_link_q4E7EF":{"type":"row2_link","settings":{"label":"Link","url":"","open_new_tab":false,"hide_icon":false,"icon_svg":"-"}},"row2_link_VrXrR4":{"type":"row2_link","settings":{"label":"Link","url":"","open_new_tab":false,"hide_icon":false,"icon_svg":"-"}},"row2_link_qDTykb":{"type":"row2_link","settings":{"label":"Link","url":"","open_new_tab":false,"hide_icon":false,"icon_svg":"-"}},"row2_link_8yjQRN":{"type":"row2_link","settings":{"label":"Link","url":"","open_new_tab":false,"hide_icon":false,"icon_svg":"-"}},"row2_link_kxKqXV":{"type":"row2_link","settings":{"label":"Link","url":"","open_new_tab":false,"hide_icon":false,"icon_svg":"-"}},"row2_link_qHqJPF":{"type":"row2_link","settings":{"label":"Link","url":"","open_new_tab":false,"hide_icon":false,"icon_svg":"-"}},"row2_link_MFjgLU":{"type":"row2_link","settings":{"label":"Link","url":"","open_new_tab":false,"hide_icon":false,"icon_svg":"-"}},"row2_link_AVw8bN":{"type":"row2_link","settings":{"label":"Link","url":"","open_new_tab":false,"hide_icon":false,"icon_svg":"-"}}},"block_order":["row1_link_twnepT","row1_link_7etz4k","row1_link_AYmkPh","row1_link_mLaQeG","row1_link_t6NBJa","row1_link_iMm4iB","row1_link_ynjzfP","row1_link_ELyrDc","row1_link_WDYMVQ","row1_link_kTMNPi","row1_link_QTLGmU","row1_link_3EXAkn","row1_link_E4P9Dm","row1_link_GVXYyJ","row2_link_VPLbjn","row2_link_Jy7TEi","row2_link_q4E7EF","row2_link_VrXrR4","row2_link_qDTykb","row2_link_8yjQRN","row2_link_kxKqXV","row2_link_qHqJPF","row2_link_MFjgLU","row2_link_AVw8bN"],"disabled":true,"name":"Line Footer Section","settings":{"footer_header":"Footer Navigation","bg_color":"#4f46e5","text_color":"#eef2ff","link_font_size":1.5,"header_font_size":2,"card_scale":1,"row1_marquee_speed":30,"row1_marquee_direction":"normal","row1_pause_on_hover":true,"row2_marquee_speed":30,"row2_marquee_direction":"reverse","row2_pause_on_hover":true}},"hero_banner_NmbiAp":{"type":"hero-banner","blocks":{"slide_RUJiqN":{"type":"slide","settings":{"image":"shopify:\/\/shop_images\/SP_Gold.jpg","title_en":"Discover Luxury Fragrances","title_ar":"اكتشف العطور الفاخرة","subtitle_en":"Premium collection of perfumes and body care","subtitle_ar":"مجموعة مميزة من العطور والعناية بالجسم","button_text_en":"Shop Now","button_text_ar":"تسوق الآن","button_url":""}},"slide_9wG4mm":{"type":"slide","settings":{"image":"shopify:\/\/shop_images\/Logo.jpg","title_en":"Unisex SP Collection","title_ar":"مجموعة SP للجنسين","subtitle_en":"Elegant fragrances for everyone","subtitle_ar":"عطور أنيقة للجميع","button_text_en":"Shop Now","button_text_ar":"تسوق الآن","button_url":""}}},"block_order":["slide_RUJiqN","slide_9wG4mm"],"name":"Hero Banner","settings":{"primary_color":"#5f8b4c","primary_color_hover":"#4a7a3a","banner_height_mobile":400,"banner_height_tablet":500,"banner_height_desktop":600,"title_font_size_mobile":48,"title_font_size_tablet":64,"title_font_size_desktop":80,"subtitle_font_size_mobile":20,"subtitle_font_size_tablet":24,"subtitle_font_size_desktop":32,"button_font_size":16,"button_padding_x":32,"button_padding_y":12}},"our_products_TfQmKD":{"type":"our-products","blocks":{"product_cjaqqA":{"type":"product","settings":{"product":"sp-gold","is_hot":false,"is_limited":true}},"product_9g4gQA":{"type":"product","settings":{"product":"sp-gold","is_hot":false,"is_limited":false}},"product_pDG37y":{"type":"product","settings":{"product":"sp-gold","is_hot":true,"is_limited":false}}},"block_order":["product_cjaqqA","product_9g4gQA","product_pDG37y"],"name":"Our Products","settings":{"title_en":"Our Products","title_ar":"منتجاتنا","add_to_cart_en":"Add to Cart","add_to_cart_ar":"أضف للسلة","view_all_en":"View All","view_all_ar":"عرض الكل","view_all_url":"","primary_color":"#5f8b4c","primary_color_hover":"#4a7a3a","accent_color":"#ffddab","title_color":"#945034","hot_color":"#ff9a9a","section_padding_y":64,"section_padding_x":16,"grid_gap":32,"products_per_row_tablet":2,"products_per_row_desktop":3,"products_per_row_large":5,"title_font_size":36,"title_font_size_tablet":48,"product_name_font_size":18,"price_font_size":24,"card_padding":24,"card_border_radius":16,"product_image_height":256,"button_font_size":16,"button_padding_x":24,"button_padding_y":12,"header_margin_bottom":48,"grid_margin_bottom":48}},"body_lotion_banner_K9tR4c":{"type":"body-lotion-banner","name":"Body Lotion Banner","settings":{"background_image":"shopify:\/\/shop_images\/Logo.jpg","title_en":"Luxurious Body Care","title_ar":"العناية الفاخرة بالجسم","subtitle_en":"Nourish and pamper your skin with our luxury body care collection","subtitle_ar":"اعتني ودللي بشرتك مع مجموعة العناية الفاخرة بالجسم","button_text_en":"View All","button_text_ar":"عرض الكل","button_url":"","title_color":"#945034","button_color":"#945034","button_hover_color":"#7a3e2a","banner_height_mobile":325,"banner_height_tablet":400,"banner_height_desktop":475,"text_max_width":528,"content_padding_x":16,"title_font_size_mobile":36,"title_font_size_tablet":48,"title_font_size_desktop":64,"subtitle_font_size_mobile":18,"subtitle_font_size_tablet":20,"subtitle_font_size_desktop":24,"button_font_size":16,"button_padding_x":32,"button_padding_y":12,"title_margin_bottom":16,"subtitle_margin_bottom":24}},"sp_collocetion_banner_FpLkDa":{"type":"SP-collocetion-banner","name":"SP Collection Banner","settings":{"background_image":"shopify:\/\/shop_images\/SP_7.png","title_en":"Unisex SP Collection","title_ar":"مجموعة SP للجنسين","subtitle_en":"Discover our premium unisex fragrance collection designed for everyone","subtitle_ar":"اكتشف مجموعتنا المميزة من العطور للجنسين المصممة للجميع","button_text_en":"Shop Now","button_text_ar":"تسوق الآن","button_url":"","button_color":"#ff9a9a","button_hover_color":"#ff8a8a","banner_height_mobile":390,"banner_height_tablet":500,"banner_height_desktop":600,"content_max_width":1024,"content_padding_x":16,"title_font_size_mobile":48,"title_font_size_tablet":64,"title_font_size_desktop":80,"subtitle_font_size_mobile":20,"subtitle_font_size_tablet":24,"subtitle_font_size_desktop":32,"button_font_size":16,"button_padding_x":32,"button_padding_y":16,"title_margin_bottom":24,"subtitle_margin_bottom":32}},"coupon_banner_YAnjzW":{"type":"coupon-banner","name":"Coupon Banner","settings":{"show_banner":true,"show_delay":3000,"title_en":"Special Offer","title_ar":"عرض خاص","description_en":"Get 20% off on all products","description_ar":"احصل على خصم 20% على جميع المنتجات","coupon_code":"SAVE20","code_label_en":"Use Code:","code_label_ar":"استخدم الكود:","button_text_en":"Shop Now","button_text_ar":"تسوق الآن","button_url":"","gradient_start":"#ff9a9a","gradient_end":"#ff8a8a","banner_max_width":300,"banner_bottom":24,"banner_right":24,"banner_bottom_mobile":16,"banner_right_mobile":16,"banner_left_mobile":16,"title_font_size":18,"text_font_size":14,"code_font_size":20,"code_label_font_size":12,"button_font_size":14,"card_padding":18,"text_margin_bottom":16,"code_container_padding":12,"code_container_margin_bottom":16,"code_padding_x":12,"code_padding_y":8,"button_padding_x":16,"button_padding_y":8}},"best_sellers_RxDrzy":{"type":"best-sellers","blocks":{"product_PXqCHp":{"type":"product","settings":{"product":"sp-gold","is_hot":true,"is_limited":true}},"product_9DHPym":{"type":"product","settings":{"product":"sp-gold","is_hot":false,"is_limited":false}},"product_GnpWEV":{"type":"product","settings":{"product":"sp-gold","is_hot":false,"is_limited":false}}},"block_order":["product_PXqCHp","product_9DHPym","product_GnpWEV"],"name":"Best Sellers","settings":{"title_en":"Best Sellers","title_ar":"الأكثر مبيعاً","subtitle_en":"Discover our most loved products chosen by thousands of satisfied customers","subtitle_ar":"اكتشف منتجاتنا الأكثر حباً والتي اختارها آلاف العملاء الراضين","add_to_cart_en":"Add to Cart","add_to_cart_ar":"أضف للسلة","primary_color":"#5f8b4c","primary_color_hover":"#4a7a3a","accent_color":"#ff9a9a","title_color":"#945034","hot_color":"#ff9a9a","section_padding_y":64,"section_padding_x":16,"carousel_gap":32,"title_font_size":36,"title_font_size_tablet":48,"subtitle_font_size":18,"product_name_font_size":18,"price_font_size":24,"price_original_font_size":18,"card_padding":24,"card_border_radius":16,"product_image_height":256,"header_margin_bottom":48}},"features_wxdtrT":{"type":"features","blocks":{"feature_PwRFwz":{"type":"feature","settings":{"icon":"shipping","title_en":"Free Shipping","title_ar":"شحن مجاني","description_en":"","description_ar":""}},"feature_zVGt4F":{"type":"feature","settings":{"icon":"return","title_en":"14 Day Return","title_ar":"إرجاع 14 يوم","description_en":"","description_ar":""}},"feature_7dabVz":{"type":"feature","settings":{"icon":"shield","title_en":"Quality Guarantee","title_ar":"ضمان الجودة","description_en":"","description_ar":""}},"feature_VphjdG":{"type":"feature","settings":{"icon":"support","title_en":"24\/7 Support","title_ar":"دعم 24\/7","description_en":"","description_ar":""}}},"block_order":["feature_PwRFwz","feature_zVGt4F","feature_7dabVz","feature_VphjdG"],"name":"Features","settings":{"icon_bg_color":"#ffddab","icon_hover_bg":"#5f8b4c","icon_color":"#5f8b4c","title_color":"#945034","section_padding_y":64,"section_padding_x":16,"grid_gap":32,"features_per_row_tablet":2,"features_per_row_desktop":4,"icon_size":80,"icon_margin_bottom":16,"title_font_size":18,"description_font_size":14,"title_margin_bottom":8}},"product_collection_TN7zFn":{"type":"product-collection","name":"Product Collection","settings":{"collection":"frontpage","title_en":"Featured Products","title_ar":"المنتجات المميزة","description_en":"","description_ar":"","products_per_page":8,"show_filters":true,"add_to_cart_en":"Add to Cart","add_to_cart_ar":"أضف للسلة","view_all_en":"View All Products","view_all_ar":"عرض جميع المنتجات","primary_color":"#5F8B4C","primary_color_hover":"#4A7A3A","accent_color":"#FFDDAB","title_color":"#945034","sale_color":"#FF9A9A"}}},"order":["image_banner","featured_collection","trust_features_MTpctg","glassmor_wyA389","line_footer_section_LM8way","hero_banner_NmbiAp","our_products_TfQmKD","body_lotion_banner_K9tR4c","sp_collocetion_banner_FpLkDa","coupon_banner_YAnjzW","best_sellers_RxDrzy","features_wxdtrT","product_collection_TN7zFn"]}